logtime,account_id,ip
2019-07-15 00:00:00,102325,223.116.97.23
2019-07-15 00:00:00,221977,223.104.247.162
2019-07-15 00:00:00,223764,59.32.248.102
2019-07-15 00:00:00,225877,111.112.151.55
2019-07-15 00:00:00,226186,180.109.21.209
2019-07-15 00:00:00,226196,171.215.26.99
2019-07-15 00:00:00,226531,39.130.111.180
2019-07-15 00:00:00,228549,14.213.135.152
2019-07-15 00:00:00,230333,60.181.29.130
2019-07-15 00:00:00,230913,113.57.65.172
2019-07-15 00:00:00,231599,125.73.194.234
2019-07-15 00:00:00,231616,117.40.251.54
2019-07-15 00:00:01,200413,116.27.175.169
2019-07-15 00:00:01,205471,14.215.165.124
2019-07-15 00:00:01,219737,112.5.204.255
2019-07-15 00:00:01,220464,27.38.251.31
2019-07-15 00:00:01,221896,223.220.148.41
2019-07-15 00:00:01,222701,49.77.184.192
2019-07-15 00:00:01,222865,218.29.154.198
2019-07-15 00:00:01,223931,61.53.137.162
2019-07-15 00:00:01,226735,120.206.175.240
2019-07-15 00:00:01,228711,0.0.0.0
2019-07-15 00:00:01,229080,120.212.165.73
2019-07-15 00:00:01,230432,140.237.139.37
2019-07-15 00:00:01,231324,221.15.164.82
2019-07-15 00:00:01,231615,114.139.225.89
2019-07-15 00:00:01,231615,60.211.174.174
2019-07-15 00:00:01,231616,49.89.72.46
2019-07-15 00:00:02,219727,121.25.213.75
2019-07-15 00:00:02,221105,183.198.76.157
2019-07-15 00:00:02,221733,111.49.36.141
2019-07-15 00:00:02,222397,110.185.143.205
2019-07-15 00:00:02,223386,60.165.183.40
2019-07-15 00:00:02,223990,221.192.179.105
2019-07-15 00:00:02,224510,218.68.236.69
2019-07-15 00:00:02,225044,58.254.69.94
2019-07-15 00:00:02,227512,113.81.171.41
2019-07-15 00:00:02,229496,222.72.100.201
2019-07-15 00:00:02,230213,122.241.205.161
2019-07-15 00:00:03,104383,221.196.64.69
2019-07-15 00:00:03,112443,117.83.141.26
2019-07-15 00:00:03,208181,113.139.246.79
2019-07-15 00:00:03,213334,124.64.17.207
2019-07-15 00:00:03,218692,123.160.240.199
2019-07-15 00:00:03,219516,101.83.185.136
2019-07-15 00:00:03,222109,218.31.55.85
2019-07-15 00:00:03,222701,49.77.184.192
2019-07-15 00:00:03,223131,183.146.92.135
2019-07-15 00:00:03,223567,112.80.115.143
2019-07-15 00:00:03,223860,0.0.0.0
2019-07-15 00:00:03,224828,180.138.49.114
2019-07-15 00:00:03,225520,125.71.207.54
2019-07-15 00:00:03,226760,119.33.28.93
2019-07-15 00:00:03,227293,117.166.53.173
2019-07-15 00:00:03,227315,120.229.59.76
2019-07-15 00:00:03,227516,222.240.195.159
2019-07-15 00:00:03,227530,114.93.167.135
2019-07-15 00:00:03,230287,223.88.159.12
2019-07-15 00:00:03,230432,140.237.139.37
2019-07-15 00:00:03,231289,42.101.65.235
2019-07-15 00:00:03,231514,122.242.254.99
2019-07-15 00:00:03,231599,125.73.194.234
2019-07-15 00:00:03,231615,114.139.225.89
2019-07-15 00:00:04,100007,222.65.60.84
2019-07-15 00:00:04,104383,221.196.64.69
2019-07-15 00:00:04,108482,0.0.0.0
2019-07-15 00:00:04,214114,58.245.206.98
2019-07-15 00:00:04,223131,183.146.92.135
2019-07-15 00:00:04,223567,112.80.115.143
2019-07-15 00:00:04,223990,221.192.179.105
2019-07-15 00:00:04,224533,222.168.57.221
2019-07-15 00:00:04,225820,113.92.128.57
2019-07-15 00:00:04,226165,119.130.238.70
2019-07-15 00:00:04,226451,120.242.182.52
2019-07-15 00:00:04,230622,110.73.44.32
2019-07-15 00:00:04,230961,123.155.165.26
2019-07-15 00:00:04,231120,117.174.68.22
2019-07-15 00:00:04,231281,112.10.11.239
2019-07-15 00:00:04,231616,222.133.13.141
2019-07-15 00:00:05,201767,123.7.180.240
2019-07-15 00:00:05,214114,58.245.206.98
2019-07-15 00:00:05,214921,106.91.220.123
2019-07-15 00:00:05,218959,111.194.156.148
2019-07-15 00:00:05,219891,1.196.163.57
2019-07-15 00:00:05,219930,43.243.148.218
2019-07-15 00:00:05,220115,125.73.109.55
2019-07-15 00:00:05,220457,171.104.128.48
2019-07-15 00:00:05,221898,27.46.135.10
2019-07-15 00:00:05,224746,117.157.150.63
2019-07-15 00:00:05,225043,153.35.4.50
2019-07-15 00:00:05,225101,115.201.29.240
2019-07-15 00:00:05,226157,1.205.135.184
2019-07-15 00:00:05,228084,58.221.180.166
2019-07-15 00:00:05,230577,61.136.144.188
2019-07-15 00:00:05,231593,115.197.153.150
2019-07-15 00:00:05,231599,125.73.194.234
2019-07-15 00:00:06,222337,121.204.51.182
2019-07-15 00:00:06,222701,49.77.184.192
2019-07-15 00:00:06,223685,14.210.70.222
2019-07-15 00:00:06,223828,115.60.65.193
2019-07-15 00:00:06,224026,117.34.177.33
2019-07-15 00:00:06,227696,106.86.63.36
2019-07-15 00:00:06,230432,140.237.139.37
2019-07-15 00:00:06,230927,110.185.167.7
2019-07-15 00:00:06,230983,120.239.65.18
2019-07-15 00:00:06,231593,115.197.153.150
2019-07-15 00:00:06,231615,114.139.225.89
2019-07-15 00:00:07,111051,36.22.38.79
2019-07-15 00:00:07,214111,120.231.197.52
2019-07-15 00:00:07,220010,106.39.42.141
2019-07-15 00:00:07,220452,218.89.43.106
2019-07-15 00:00:07,221883,220.189.65.34
2019-07-15 00:00:07,223232,116.117.253.221
2019-07-15 00:00:07,223990,221.192.179.105
2019-07-15 00:00:07,226309,111.161.178.77
2019-07-15 00:00:07,229805,111.206.84.1
2019-07-15 00:00:07,230517,219.135.174.162
2019-07-15 00:00:07,230944,171.221.22.186
2019-07-15 00:00:08,100511,183.93.229.169
2019-07-15 00:00:08,100669,106.6.120.116
2019-07-15 00:00:08,222701,49.77.184.192
2019-07-15 00:00:08,223771,117.177.202.73
2019-07-15 00:00:08,225136,39.168.84.158
2019-07-15 00:00:08,227250,1.192.26.99
2019-07-15 00:00:08,227538,125.113.20.72
2019-07-15 00:00:08,230374,110.249.214.164
2019-07-15 00:00:08,230432,140.237.139.37
2019-07-15 00:00:08,230766,220.166.97.10
2019-07-15 00:00:08,231599,125.73.194.234
2019-07-15 00:00:08,231615,114.139.225.89
2019-07-15 00:00:08,705830,124.79.129.166
2019-07-15 00:00:09,219018,1.83.163.133
2019-07-15 00:00:09,219295,220.167.10.242
2019-07-15 00:00:09,221194,112.45.62.70
2019-07-15 00:00:09,223935,222.171.7.167
2019-07-15 00:00:09,223990,221.192.179.105
2019-07-15 00:00:09,225011,123.139.73.85
2019-07-15 00:00:09,225242,58.42.234.110
2019-07-15 00:00:09,225574,219.132.138.170
2019-07-15 00:00:09,225819,27.189.198.155
2019-07-15 00:00:09,228562,183.193.59.190
2019-07-15 00:00:09,230194,120.70.252.24
2019-07-15 00:00:09,230846,49.77.251.246
2019-07-15 00:00:10,218139,119.36.216.25
2019-07-15 00:00:10,220472,115.198.61.147
2019-07-15 00:00:10,221168,14.219.221.96
2019-07-15 00:00:10,224954,175.148.47.136
2019-07-15 00:00:10,227068,115.238.194.154
2019-07-15 00:00:10,228368,220.172.118.7
2019-07-15 00:00:10,229491,113.220.60.12
2019-07-15 00:00:10,229981,223.111.160.28
2019-07-15 00:00:10,231150,27.45.53.191
2019-07-15 00:00:10,231526,124.193.26.103
2019-07-15 00:00:10,231599,125.73.194.234
2019-07-15 00:00:11,105540,113.139.195.158
2019-07-15 00:00:11,220003,117.36.22.154
2019-07-15 00:00:11,221484,115.171.198.56
2019-07-15 00:00:11,222701,49.77.184.192
2019-07-15 00:00:11,222870,112.40.58.98
2019-07-15 00:00:11,227858,1.192.217.10
2019-07-15 00:00:11,230076,116.252.55.52
2019-07-15 00:00:11,230432,140.237.139.37
2019-07-15 00:00:11,231374,101.24.60.30
2019-07-15 00:00:11,231615,114.139.225.89
2019-07-15 00:00:12,105766,112.6.132.119
2019-07-15 00:00:12,211525,115.200.244.222
2019-07-15 00:00:12,221987,14.154.177.82
2019-07-15 00:00:12,223990,221.192.179.105
2019-07-15 00:00:12,224294,112.84.230.113
2019-07-15 00:00:12,225567,120.229.8.77
2019-07-15 00:00:12,226399,106.2.234.154
2019-07-15 00:00:12,226553,117.63.129.180
2019-07-15 00:00:12,229613,112.66.42.143
2019-07-15 00:00:12,229824,0.0.0.0
2019-07-15 00:00:12,230450,117.188.13.216
2019-07-15 00:00:13,222408,123.147.246.217
2019-07-15 00:00:13,222701,49.77.184.192
2019-07-15 00:00:13,222732,119.33.194.250
2019-07-15 00:00:13,223603,171.221.252.130
2019-07-15 00:00:13,226673,113.100.77.250
2019-07-15 00:00:13,227299,27.18.138.15
2019-07-15 00:00:13,230076,116.252.55.52
2019-07-15 00:00:13,230432,140.237.139.37
2019-07-15 00:00:13,231010,123.157.150.72
2019-07-15 00:00:13,231244,58.61.150.185
2019-07-15 00:00:13,231496,1.57.232.23
2019-07-15 00:00:13,231586,113.13.153.87
2019-07-15 00:00:13,231599,125.73.194.234
2019-07-15 00:00:13,231615,114.139.225.89
2019-07-15 00:00:14,103043,122.226.184.6
2019-07-15 00:00:14,104563,106.91.201.138
2019-07-15 00:00:14,211525,115.200.244.222
2019-07-15 00:00:14,218981,117.62.182.248
2019-07-15 00:00:14,221944,114.227.124.26
2019-07-15 00:00:14,223990,221.192.179.105
2019-07-15 00:00:14,225410,220.173.61.231
2019-07-15 00:00:14,227298,14.215.221.174
2019-07-15 00:00:14,230749,39.78.144.95
2019-07-15 00:00:14,231227,113.92.72.55
2019-07-15 00:00:14,231386,111.165.216.202
2019-07-15 00:00:15,104606,61.186.169.50
2019-07-15 00:00:15,220287,183.160.9.49
2019-07-15 00:00:15,224160,5.8.107.25
2019-07-15 00:00:15,226069,223.88.211.58
2019-07-15 00:00:15,226399,106.2.234.154
2019-07-15 00:00:15,227011,111.121.82.50
2019-07-15 00:00:15,229245,218.83.12.136
2019-07-15 00:00:15,230201,218.28.63.2
2019-07-15 00:00:15,231164,220.172.50.54
2019-07-15 00:00:15,231265,36.7.171.116
2019-07-15 00:00:15,231599,125.73.194.234
2019-07-15 00:00:16,222701,49.77.184.192
2019-07-15 00:00:16,222736,219.159.229.189
2019-07-15 00:00:16,223468,171.88.99.56
2019-07-15 00:00:16,223750,180.213.71.155
2019-07-15 00:00:16,226196,171.215.26.99
2019-07-15 00:00:16,226200,60.173.175.133
2019-07-15 00:00:16,229710,123.139.40.164
2019-07-15 00:00:16,230432,140.237.139.37
2019-07-15 00:00:16,231254,119.130.215.134
2019-07-15 00:00:16,231327,112.113.162.109
2019-07-15 00:00:16,231418,218.28.204.93
2019-07-15 00:00:16,231589,0.0.0.0
2019-07-15 00:00:16,231616,222.170.208.145
2019-07-15 00:00:17,101921,115.55.18.70
2019-07-15 00:00:17,112665,58.62.31.182
2019-07-15 00:00:17,210407,140.240.29.171
2019-07-15 00:00:17,215130,106.32.213.89
2019-07-15 00:00:17,218840,117.171.177.201
2019-07-15 00:00:17,222737,218.30.100.217
2019-07-15 00:00:17,223907,49.89.134.168
2019-07-15 00:00:17,223990,221.192.179.105
2019-07-15 00:00:17,225176,182.98.24.38
2019-07-15 00:00:17,225245,112.11.51.45
2019-07-15 00:00:17,225568,222.175.183.190
2019-07-15 00:00:17,226102,59.55.203.0
2019-07-15 00:00:17,229891,124.165.145.101
2019-07-15 00:00:17,231244,123.101.205.155
2019-07-15 00:00:17,231604,120.224.57.76
2019-07-15 00:00:18,101663,58.38.0.108
2019-07-15 00:00:18,216849,101.88.79.192
2019-07-15 00:00:18,220216,121.32.76.161
2019-07-15 00:00:18,221698,183.200.5.208
2019-07-15 00:00:18,222701,49.77.184.192
2019-07-15 00:00:18,224558,222.240.152.124
2019-07-15 00:00:18,225790,119.120.171.182
2019-07-15 00:00:18,226507,112.14.79.199
2019-07-15 00:00:18,227300,116.52.12.122
2019-07-15 00:00:18,229079,113.103.196.110
2019-07-15 00:00:18,229190,0.0.0.0
2019-07-15 00:00:18,230206,61.163.71.58
2019-07-15 00:00:18,230904,113.13.181.66
2019-07-15 00:00:18,231544,171.93.79.109
2019-07-15 00:00:18,231571,120.230.118.16
2019-07-15 00:00:18,231599,125.73.194.234
2019-07-15 00:00:19,201554,120.35.33.25
2019-07-15 00:00:19,219473,42.53.137.182
2019-07-15 00:00:19,219715,14.205.208.233
2019-07-15 00:00:19,220477,110.87.109.70
2019-07-15 00:00:19,223990,221.192.179.105
2019-07-15 00:00:19,224451,111.225.194.139
2019-07-15 00:00:19,224817,112.24.221.98
2019-07-15 00:00:19,227038,14.215.37.121
2019-07-15 00:00:19,227348,223.111.157.236
2019-07-15 00:00:19,229642,116.7.66.52
2019-07-15 00:00:19,230432,140.237.139.37
2019-07-15 00:00:19,231455,218.13.87.35
2019-07-15 00:00:20,220382,119.166.51.123
2019-07-15 00:00:20,223940,222.86.86.81
2019-07-15 00:00:20,224608,27.40.122.196
2019-07-15 00:00:20,226039,112.21.182.81
2019-07-15 00:00:20,227448,110.157.137.119
2019-07-15 00:00:20,227826,223.72.2.117
2019-07-15 00:00:20,228741,180.157.10.69
2019-07-15 00:00:20,229464,59.172.61.18
2019-07-15 00:00:20,230513,113.249.243.0
2019-07-15 00:00:20,231345,180.138.64.57
2019-07-15 00:00:20,231599,125.73.194.234
2019-07-15 00:00:20,231609,119.39.248.25
2019-07-15 00:00:20,231615,101.21.154.197
2019-07-15 00:00:21,100637,106.85.223.229
2019-07-15 00:00:21,112410,218.70.192.254
2019-07-15 00:00:21,216418,219.134.218.59
2019-07-15 00:00:21,217283,113.56.83.189
2019-07-15 00:00:21,222701,49.77.184.192
2019-07-15 00:00:21,223301,49.77.223.195
2019-07-15 00:00:21,224523,222.175.169.23
2019-07-15 00:00:21,224948,111.18.43.215
2019-07-15 00:00:21,225481,183.2.198.105
2019-07-15 00:00:21,225776,121.231.191.14
2019-07-15 00:00:21,226473,125.95.121.229
2019-07-15 00:00:21,228858,39.188.107.21
2019-07-15 00:00:21,230298,59.42.108.81
2019-07-15 00:00:21,230432,140.237.139.37
2019-07-15 00:00:21,230641,60.182.82.217
2019-07-15 00:00:21,230933,61.174.227.224
2019-07-15 00:00:21,231180,61.171.126.114
2019-07-15 00:00:21,231356,120.69.143.70
2019-07-15 00:00:21,231543,183.32.255.77
2019-07-15 00:00:22,220782,112.10.235.230
2019-07-15 00:00:22,221476,221.15.28.15
2019-07-15 00:00:22,223990,221.192.179.105
2019-07-15 00:00:22,224933,36.33.43.136
2019-07-15 00:00:22,225362,218.10.236.10
2019-07-15 00:00:22,226180,113.134.36.72
2019-07-15 00:00:22,226713,218.93.232.98
2019-07-15 00:00:22,227234,219.145.190.21
2019-07-15 00:00:22,229642,116.7.66.52
2019-07-15 00:00:22,229704,0.0.0.0
2019-07-15 00:00:22,230288,61.162.147.141
2019-07-15 00:00:22,231029,49.112.55.222
2019-07-15 00:00:23,201594,27.36.230.160
2019-07-15 00:00:23,220743,111.197.22.226
2019-07-15 00:00:23,222701,49.77.184.192
2019-07-15 00:00:23,223223,27.226.145.230
2019-07-15 00:00:23,224591,120.231.30.196
2019-07-15 00:00:23,225102,27.17.82.234
2019-07-15 00:00:23,228789,60.165.44.91
2019-07-15 00:00:23,230102,119.190.198.138
2019-07-15 00:00:23,230252,222.74.12.150
2019-07-15 00:00:23,231599,125.73.194.234
2019-07-15 00:00:24,101993,223.73.67.232
2019-07-15 00:00:24,219167,0.0.0.0
2019-07-15 00:00:24,222196,183.17.60.209
2019-07-15 00:00:24,224943,39.149.22.194
2019-07-15 00:00:24,226489,114.228.170.170
2019-07-15 00:00:24,229628,113.140.11.120
2019-07-15 00:00:24,229843,221.233.202.19
2019-07-15 00:00:24,230107,122.224.190.174
2019-07-15 00:00:24,230432,140.237.139.37
2019-07-15 00:00:24,231435,122.234.115.243
2019-07-15 00:00:25,200080,120.230.117.165
2019-07-15 00:00:25,219705,125.68.167.175
2019-07-15 00:00:25,219836,183.202.186.243
2019-07-15 00:00:25,222746,218.17.169.92
2019-07-15 00:00:25,223505,113.77.242.106
2019-07-15 00:00:25,223990,221.192.179.105
2019-07-15 00:00:25,226507,124.236.243.254
2019-07-15 00:00:25,230168,180.162.18.59
2019-07-15 00:00:25,230246,124.64.208.97
2019-07-15 00:00:25,230666,218.29.14.124
2019-07-15 00:00:25,231263,0.0.0.0
2019-07-15 00:00:25,231599,125.73.194.234
2019-07-15 00:00:26,206341,218.69.156.217
2019-07-15 00:00:26,213942,110.152.175.249
2019-07-15 00:00:26,217251,122.230.244.238
2019-07-15 00:00:26,218879,120.231.181.236
2019-07-15 00:00:26,220718,119.123.50.1
2019-07-15 00:00:26,220815,111.196.208.59
2019-07-15 00:00:26,221863,42.89.98.209
2019-07-15 00:00:26,221883,220.189.65.34
2019-07-15 00:00:26,222701,49.77.184.192
2019-07-15 00:00:26,222717,106.117.46.54
2019-07-15 00:00:26,223640,183.63.141.74
2019-07-15 00:00:26,223692,1.204.148.48
2019-07-15 00:00:26,224979,113.132.182.135
2019-07-15 00:00:26,226347,125.126.251.138
2019-07-15 00:00:26,227269,106.8.221.77
2019-07-15 00:00:26,227812,220.173.116.147
2019-07-15 00:00:26,230432,140.237.139.37
2019-07-15 00:00:26,231545,122.238.147.76
2019-07-15 00:00:27,102944,183.142.113.71
2019-07-15 00:00:27,103277,183.131.116.38
2019-07-15 00:00:27,205583,113.143.171.65
2019-07-15 00:00:27,215736,39.82.55.192
2019-07-15 00:00:27,223990,221.192.179.105
2019-07-15 00:00:27,231235,120.229.169.172
2019-07-15 00:00:27,231589,0.0.0.0
2019-07-15 00:00:28,103778,219.153.145.83
2019-07-15 00:00:28,216240,123.123.220.241
2019-07-15 00:00:28,219326,39.154.141.95
2019-07-15 00:00:28,219421,218.92.226.199
2019-07-15 00:00:28,220241,42.229.46.227
2019-07-15 00:00:28,222701,49.77.184.192
2019-07-15 00:00:28,222951,222.84.130.108
2019-07-15 00:00:28,223050,112.45.76.128
2019-07-15 00:00:28,224194,125.46.10.62
2019-07-15 00:00:28,224897,101.249.9.145
2019-07-15 00:00:28,225264,121.22.82.166
2019-07-15 00:00:28,227316,120.229.134.1
2019-07-15 00:00:28,229190,117.82.234.54
2019-07-15 00:00:28,229783,14.145.36.114
2019-07-15 00:00:28,231395,218.58.252.129
2019-07-15 00:00:28,231441,58.242.183.254
2019-07-15 00:00:28,231470,121.18.5.106
2019-07-15 00:00:28,231599,125.73.194.234
2019-07-15 00:00:29,218906,60.166.107.243
2019-07-15 00:00:29,222820,39.186.30.217
2019-07-15 00:00:29,225332,175.10.105.137
2019-07-15 00:00:29,225679,120.230.114.70
2019-07-15 00:00:29,226035,117.171.178.176
2019-07-15 00:00:29,230432,140.237.139.37
2019-07-15 00:00:30,206575,117.143.123.194
2019-07-15 00:00:30,219079,171.94.176.162
2019-07-15 00:00:30,219412,115.210.101.43
2019-07-15 00:00:30,219694,180.175.248.75
2019-07-15 00:00:30,220017,125.45.113.15
2019-07-15 00:00:30,220120,14.205.208.233
2019-07-15 00:00:30,221860,122.233.67.29
2019-07-15 00:00:30,222967,14.215.37.49
2019-07-15 00:00:30,223990,221.192.179.105
2019-07-15 00:00:30,224054,221.216.247.191
2019-07-15 00:00:30,224268,121.29.90.8
2019-07-15 00:00:30,224622,120.84.10.72
2019-07-15 00:00:30,225038,113.104.166.200
2019-07-15 00:00:30,225085,223.13.70.219
2019-07-15 00:00:30,226076,123.116.53.102
2019-07-15 00:00:30,226719,144.255.34.97
2019-07-15 00:00:30,226831,117.136.79.2
2019-07-15 00:00:30,230804,116.237.40.206
2019-07-15 00:00:30,230932,61.178.237.11
2019-07-15 00:00:30,231599,125.73.194.234
2019-07-15 00:00:31,109809,111.165.116.45
2019-07-15 00:00:31,213885,39.186.10.69
2019-07-15 00:00:31,222582,222.223.67.171
2019-07-15 00:00:31,222701,49.77.184.192
2019-07-15 00:00:31,223138,157.0.29.13
2019-07-15 00:00:31,227185,120.239.175.177
2019-07-15 00:00:31,227584,182.133.24.184
2019-07-15 00:00:31,228470,120.239.49.208
2019-07-15 00:00:31,228555,115.239.163.102
2019-07-15 00:00:31,230432,140.237.139.37
2019-07-15 00:00:32,108994,14.153.76.179
2019-07-15 00:00:32,209238,111.227.9.215
2019-07-15 00:00:32,223050,112.45.76.128
2019-07-15 00:00:32,223173,223.104.34.29
2019-07-15 00:00:32,223764,59.32.248.102
2019-07-15 00:00:32,223990,221.192.179.105
2019-07-15 00:00:32,225685,171.217.103.167
2019-07-15 00:00:32,225949,118.114.151.188
2019-07-15 00:00:32,226081,36.104.209.149
2019-07-15 00:00:32,226696,113.8.218.26
2019-07-15 00:00:32,228161,183.131.110.88
2019-07-15 00:00:32,229629,182.86.40.77
2019-07-15 00:00:32,230761,114.100.81.9
2019-07-15 00:00:32,231281,112.10.11.239
2019-07-15 00:00:33,112907,60.6.254.174
2019-07-15 00:00:33,219167,183.197.18.228
2019-07-15 00:00:33,220397,119.86.143.118
2019-07-15 00:00:33,222701,49.77.184.192
2019-07-15 00:00:33,223068,221.206.103.152
2019-07-15 00:00:33,223940,123.163.52.65
2019-07-15 00:00:33,225543,120.69.134.146
2019-07-15 00:00:33,225859,111.193.13.255
2019-07-15 00:00:33,226188,119.140.241.12
2019-07-15 00:00:33,227573,0.0.0.0
2019-07-15 00:00:33,228161,183.131.110.88
2019-07-15 00:00:33,228601,119.130.238.203
2019-07-15 00:00:33,228799,1.205.129.68
2019-07-15 00:00:33,229257,119.39.19.31
2019-07-15 00:00:33,229704,36.47.140.20
2019-07-15 00:00:33,230754,36.102.4.218
2019-07-15 00:00:33,231499,123.131.84.226
2019-07-15 00:00:33,231599,125.73.194.234
2019-07-15 00:00:34,205211,122.234.66.46
2019-07-15 00:00:34,221244,27.221.210.81
2019-07-15 00:00:34,223873,59.63.206.107
2019-07-15 00:00:34,224159,125.80.245.120
2019-07-15 00:00:34,226085,59.52.26.133
2019-07-15 00:00:34,226374,119.120.112.155
2019-07-15 00:00:34,228432,222.92.5.149
2019-07-15 00:00:34,228709,183.225.20.6
2019-07-15 00:00:34,228754,61.181.103.86
2019-07-15 00:00:34,229644,106.226.98.25
2019-07-15 00:00:34,230430,114.82.90.253
2019-07-15 00:00:34,230432,140.237.139.37
2019-07-15 00:00:34,230681,110.84.166.153
2019-07-15 00:00:34,230778,101.94.250.12
2019-07-15 00:00:34,231190,106.40.186.117
2019-07-15 00:00:35,219125,123.186.29.149
2019-07-15 00:00:35,220159,27.189.141.141
2019-07-15 00:00:35,221715,120.14.130.213
2019-07-15 00:00:35,222292,111.18.113.53
2019-07-15 00:00:35,223990,221.192.179.105
2019-07-15 00:00:35,226543,59.63.224.117
2019-07-15 00:00:35,228626,113.69.250.159
2019-07-15 00:00:35,229690,125.109.96.141
2019-07-15 00:00:35,231615,114.139.225.89
2019-07-15 00:00:36,202115,0.0.0.0
2019-07-15 00:00:36,219529,222.210.166.6
2019-07-15 00:00:36,219858,120.69.157.210
2019-07-15 00:00:36,220116,219.157.86.245
2019-07-15 00:00:36,222701,49.77.184.192
2019-07-15 00:00:36,223829,58.249.125.80
2019-07-15 00:00:36,224579,171.41.23.235
2019-07-15 00:00:36,225275,0.0.0.0
2019-07-15 00:00:36,227871,112.10.116.112
2019-07-15 00:00:36,228180,0.0.0.0
2019-07-15 00:00:36,228502,171.11.1.1
2019-07-15 00:00:36,230432,140.237.139.37
2019-07-15 00:00:36,230530,42.89.103.35
2019-07-15 00:00:36,231599,125.73.194.234
2019-07-15 00:00:37,208723,14.18.29.100
2019-07-15 00:00:37,216395,0.0.0.0
2019-07-15 00:00:37,219657,0.0.0.0
2019-07-15 00:00:37,221697,111.112.148.109
2019-07-15 00:00:37,223058,14.204.31.77
2019-07-15 00:00:37,224124,14.120.130.134
2019-07-15 00:00:37,227153,171.106.12.225
2019-07-15 00:00:37,227925,175.5.67.77
2019-08-04 00:00:00,103201,122.238.145.120
2019-08-04 00:00:00,210861,123.5.99.118
2019-08-04 00:00:00,219081,223.74.40.218
2019-08-04 00:00:00,219289,221.209.135.182
2019-08-04 00:00:00,219554,113.92.72.174
2019-08-04 00:00:00,219602,183.197.10.134
2019-08-04 00:00:00,221382,115.60.55.101
2019-08-04 00:00:00,221960,101.95.20.14
2019-08-04 00:00:00,222391,123.122.54.37
2019-08-04 00:00:00,223209,218.75.210.28
2019-08-04 00:00:00,224661,113.246.246.238
2019-08-04 00:00:00,225674,121.31.130.226
2019-08-04 00:00:00,226006,219.128.2.98
2019-08-04 00:00:00,229227,1.28.192.106
2019-08-04 00:00:00,229653,120.236.26.26
2019-08-04 00:00:00,230741,218.8.150.62
2019-08-04 00:00:00,230912,117.136.68.145
2019-08-04 00:00:01,103313,218.70.254.158
2019-08-04 00:00:01,219402,223.166.231.72
2019-08-04 00:00:01,220080,61.53.134.194
2019-08-04 00:00:01,222455,36.4.249.45
2019-08-04 00:00:01,223205,111.206.84.9
2019-08-04 00:00:01,223557,120.229.97.126
2019-08-04 00:00:01,223912,144.0.139.153
2019-08-04 00:00:01,225263,139.170.119.45
2019-08-04 00:00:01,225899,120.239.82.176
2019-08-04 00:00:01,226080,211.97.131.140
2019-08-04 00:00:01,230099,116.226.15.74
2019-08-04 00:00:01,230310,123.147.250.148
2019-08-04 00:00:01,230712,183.192.111.6
2019-08-04 00:00:01,231335,219.133.179.10
2019-08-04 00:00:02,104239,116.238.123.28
2019-08-04 00:00:02,202895,117.84.167.67
2019-08-04 00:00:02,202912,36.32.97.79
2019-08-04 00:00:02,206164,182.90.221.14
2019-08-04 00:00:02,215318,60.24.23.66
2019-08-04 00:00:02,218970,113.116.83.144
2019-08-04 00:00:02,222275,117.141.15.119
2019-08-04 00:00:02,222791,49.115.182.190
2019-08-04 00:00:02,222912,115.236.245.89
2019-08-04 00:00:02,223577,180.162.163.245
2019-08-04 00:00:02,224133,223.88.230.140
2019-08-04 00:00:02,225224,103.90.92.17
2019-08-04 00:00:02,225360,58.62.113.139
2019-08-04 00:00:02,226043,119.126.140.140
2019-08-04 00:00:02,226084,119.146.30.74
2019-08-04 00:00:02,230675,112.43.124.244
2019-08-04 00:00:02,230973,202.103.12.37
2019-08-04 00:00:02,231831,218.6.93.74
2019-08-04 00:00:02,232063,114.135.210.204
2019-08-04 00:00:03,105051,180.167.37.254
2019-08-04 00:00:03,106376,221.208.99.222
2019-08-04 00:00:03,106414,112.83.16.151
2019-08-04 00:00:03,106786,58.213.112.226
2019-08-04 00:00:03,201434,122.240.151.233
2019-08-04 00:00:03,204458,113.91.142.177
2019-08-04 00:00:03,205825,171.214.166.81
2019-08-04 00:00:03,215266,112.45.241.173
2019-08-04 00:00:03,217542,183.232.200.246
2019-08-04 00:00:03,219087,116.112.44.237
2019-08-04 00:00:03,219602,183.197.10.134
2019-08-04 00:00:03,220532,117.40.115.59
2019-08-04 00:00:03,221902,112.233.120.56
2019-08-04 00:00:03,223887,223.72.93.62
2019-08-04 00:00:03,224632,115.215.238.78
2019-08-04 00:00:03,226026,222.223.128.56
2019-08-04 00:00:03,227183,171.107.182.71
2019-08-04 00:00:03,229051,218.76.22.197
2019-08-04 00:00:03,229565,117.173.194.181
2019-08-04 00:00:03,229653,120.236.26.26
2019-08-04 00:00:03,231762,218.62.60.180
2019-08-04 00:00:03,231974,182.200.17.15
2019-08-04 00:00:03,232057,220.202.138.250
2019-08-04 00:00:04,103313,218.70.254.158
2019-08-04 00:00:04,104686,222.178.16.222
2019-08-04 00:00:04,106780,60.181.33.142
2019-08-04 00:00:04,113367,101.86.185.186
2019-08-04 00:00:04,218975,222.172.156.168
2019-08-04 00:00:04,219305,122.96.46.132
2019-08-04 00:00:04,220345,183.150.4.142
2019-08-04 00:00:04,220893,111.36.161.187
2019-08-04 00:00:04,220911,113.102.69.191
2019-08-04 00:00:04,222001,124.236.115.207
2019-08-04 00:00:04,222022,14.106.92.151
2019-08-04 00:00:04,225147,183.63.188.83
2019-08-04 00:00:04,226342,123.55.75.34
2019-08-04 00:00:04,230868,61.157.133.139
2019-08-04 00:00:04,230973,202.103.12.37
2019-08-04 00:00:04,231670,183.47.44.195
2019-08-04 00:00:04,232057,220.202.138.250
2019-08-04 00:00:05,207384,60.187.144.54
2019-08-04 00:00:05,217542,183.232.200.246
2019-08-04 00:00:05,219602,183.197.10.134
2019-08-04 00:00:05,220063,119.100.235.85
2019-08-04 00:00:05,220766,183.209.136.130
2019-08-04 00:00:05,222011,42.91.116.159
2019-08-04 00:00:05,222829,183.40.218.18
2019-08-04 00:00:05,223887,223.72.93.62
2019-08-04 00:00:05,224960,59.44.60.141
2019-08-04 00:00:05,225092,58.54.125.30
2019-08-04 00:00:05,225318,1.180.209.225
2019-08-04 00:00:05,225754,39.149.41.253
2019-08-04 00:00:05,225755,61.177.204.222
2019-08-04 00:00:05,226721,14.106.123.66
2019-08-04 00:00:05,226746,113.118.35.61
2019-08-04 00:00:05,227916,120.235.19.72
2019-08-04 00:00:05,227955,113.123.223.167
2019-08-04 00:00:05,229326,183.209.151.69
2019-08-04 00:00:05,229497,120.84.12.30
2019-08-04 00:00:05,229653,120.236.26.26
2019-08-04 00:00:05,230266,183.147.40.97
2019-08-04 00:00:05,231864,171.89.83.128
2019-08-04 00:00:06,102043,180.168.53.246
2019-08-04 00:00:06,103313,218.70.254.158
2019-08-04 00:00:06,207768,221.217.210.170
2019-08-04 00:00:06,211179,180.162.130.226
2019-08-04 00:00:06,215330,36.63.10.212
2019-08-04 00:00:06,218244,183.232.200.232
2019-08-04 00:00:06,219305,122.96.46.132
2019-08-04 00:00:06,220090,1.198.151.7
2019-08-04 00:00:06,221627,36.25.3.114
2019-08-04 00:00:06,222127,14.204.47.131
2019-08-04 00:00:06,224217,1.71.96.232
2019-08-04 00:00:06,225743,106.114.62.207
2019-08-04 00:00:06,226131,58.241.163.197
2019-08-04 00:00:06,227966,183.67.36.34
2019-08-04 00:00:06,229566,115.217.44.90
2019-08-04 00:00:06,230101,110.189.0.161
2019-08-04 00:00:06,230243,43.242.155.29
2019-08-04 00:00:06,230982,222.133.15.38
2019-08-04 00:00:07,105499,221.227.46.222
2019-08-04 00:00:07,106232,112.233.29.109
2019-08-04 00:00:07,109252,120.68.35.148
2019-08-04 00:00:07,216642,43.250.200.11
2019-08-04 00:00:07,218369,175.16.6.30
2019-08-04 00:00:07,222127,14.204.47.131
2019-08-04 00:00:07,225150,223.104.186.107
2019-08-04 00:00:07,225570,117.28.75.91
2019-08-04 00:00:07,225900,113.140.23.170
2019-08-04 00:00:07,226312,223.242.201.111
2019-08-04 00:00:07,226673,110.87.83.154
2019-08-04 00:00:07,228124,153.35.4.50
2019-08-04 00:00:07,230937,14.215.165.126
2019-08-04 00:00:07,230973,202.103.12.37
2019-08-04 00:00:07,231536,222.74.107.222
2019-08-04 00:00:07,232019,219.137.229.58
2019-08-04 00:00:08,101523,42.88.78.139
2019-08-04 00:00:08,110986,183.198.11.28
2019-08-04 00:00:08,211163,220.168.133.131
2019-08-04 00:00:08,219255,117.37.69.200
2019-08-04 00:00:08,219602,183.197.10.134
2019-08-04 00:00:08,220789,221.208.99.222
2019-08-04 00:00:08,221034,118.116.92.27
2019-08-04 00:00:08,221147,117.174.75.71
2019-08-04 00:00:08,222333,180.175.156.74
2019-08-04 00:00:08,223202,180.137.102.77
2019-08-04 00:00:08,223290,42.232.204.31
2019-08-04 00:00:08,224176,220.163.83.122
2019-08-04 00:00:08,225985,112.242.226.74
2019-08-04 00:00:08,226312,223.242.201.111
2019-08-04 00:00:08,226694,110.152.215.150
2019-08-04 00:00:08,227171,117.23.226.209
2019-08-04 00:00:08,228212,119.39.206.161
2019-08-04 00:00:08,229036,1.180.239.249
2019-08-04 00:00:08,229653,120.236.26.26
2019-08-04 00:00:08,231897,223.220.56.85
2019-08-04 00:00:09,103313,218.70.254.158
2019-08-04 00:00:09,205255,223.72.71.108
2019-08-04 00:00:09,208534,218.82.20.72
2019-08-04 00:00:09,222820,1.181.252.214
2019-08-04 00:00:09,223707,223.243.229.199
2019-08-04 00:00:09,224510,121.34.52.214
2019-08-04 00:00:09,225209,221.218.215.162
2019-08-04 00:00:09,226079,120.242.159.111
2019-08-04 00:00:09,227955,113.123.223.167
2019-08-04 00:00:09,229028,114.249.246.229
2019-08-04 00:00:09,230203,183.184.136.24
2019-08-04 00:00:09,230973,202.103.12.37
2019-08-04 00:00:10,109758,222.223.93.137
2019-08-04 00:00:10,202660,113.250.220.54
2019-08-04 00:00:10,203619,118.81.80.249
2019-08-04 00:00:10,218933,123.113.118.176
2019-08-04 00:00:10,219104,0.0.0.0
2019-08-04 00:00:10,219602,183.197.10.134
2019-08-04 00:00:10,220041,121.15.203.110
2019-08-04 00:00:10,220971,150.138.181.192
2019-08-04 00:00:10,221292,125.89.31.207
2019-08-04 00:00:10,221669,180.97.171.202
2019-08-04 00:00:10,223222,120.231.42.74
2019-08-04 00:00:10,223558,36.185.103.101
2019-08-04 00:00:10,223693,42.49.136.221
2019-08-04 00:00:10,224411,223.74.12.222
2019-08-04 00:00:10,224437,113.9.182.101
2019-08-04 00:00:10,224657,39.155.192.231
2019-08-04 00:00:10,225212,1.181.190.182
2019-08-04 00:00:10,226000,222.217.195.2
2019-08-04 00:00:10,228124,153.35.4.50
2019-08-04 00:00:10,228542,112.41.16.217
2019-08-04 00:00:10,229653,120.236.26.26
2019-08-04 00:00:10,229867,1.31.115.243
2019-08-04 00:00:10,229919,0.0.0.0
2019-08-04 00:00:10,230139,111.1.158.213
2019-08-04 00:00:10,231425,116.171.245.177
2019-08-04 00:00:10,231796,221.233.19.136
2019-08-04 00:00:11,103313,218.70.254.158
2019-08-04 00:00:11,203759,171.214.164.131
2019-08-04 00:00:11,208811,120.244.10.50
2019-08-04 00:00:11,213096,14.144.120.143
2019-08-04 00:00:11,213390,0.0.0.0
2019-08-04 00:00:11,220588,122.96.43.203
2019-08-04 00:00:11,221157,36.248.75.223
2019-08-04 00:00:11,221309,183.192.233.74
2019-08-04 00:00:11,224073,110.231.166.184
2019-08-04 00:00:11,224411,223.74.12.222
2019-08-04 00:00:11,224657,39.155.192.231
2019-08-04 00:00:11,225212,1.181.190.182
2019-08-04 00:00:11,226901,114.230.133.6
2019-08-04 00:00:11,227805,113.90.234.77
2019-08-04 00:00:11,229457,122.156.217.226
2019-08-04 00:00:11,230203,183.184.136.24
2019-08-04 00:00:11,230778,183.63.59.250
2019-08-04 00:00:11,231314,218.75.149.241
2019-08-04 00:00:12,107401,223.72.46.26
2019-08-04 00:00:12,219602,183.197.10.134
2019-08-04 00:00:12,219738,155.69.183.51
2019-08-04 00:00:12,220912,0.0.0.0
2019-08-04 00:00:12,221184,117.81.200.177
2019-08-04 00:00:12,222002,0.0.0.0
2019-08-04 00:00:12,224503,118.119.51.228
2019-08-04 00:00:12,224743,122.115.224.224
2019-08-04 00:00:12,226153,115.46.140.231
2019-08-04 00:00:12,226674,14.114.235.31
2019-08-04 00:00:12,228505,1.82.149.106
2019-08-04 00:00:12,229036,1.180.239.249
2019-08-04 00:00:12,230033,113.121.181.169
2019-08-04 00:00:12,230060,112.224.33.66
2019-08-04 00:00:12,230563,123.123.143.208
2019-08-04 00:00:12,230585,60.190.245.25
2019-08-04 00:00:12,230973,202.103.12.37
2019-08-04 00:00:12,231185,122.235.91.224
2019-08-04 00:00:12,231647,218.2.176.158
2019-08-04 00:00:12,231669,222.216.147.142
2019-08-04 00:00:12,232022,223.152.224.23
2019-08-04 00:00:12,232060,175.164.108.156
2019-08-04 00:00:13,103313,218.70.254.158
2019-08-04 00:00:13,108483,125.115.253.235
2019-08-04 00:00:13,201560,222.94.220.213
2019-08-04 00:00:13,214382,60.10.35.128
2019-08-04 00:00:13,219216,58.219.237.237
2019-08-04 00:00:13,219377,39.80.16.133
2019-08-04 00:00:13,221958,218.58.252.240
2019-08-04 00:00:13,223476,218.72.8.136
2019-08-04 00:00:13,224167,61.185.58.210
2019-08-04 00:00:13,226185,183.212.72.65
2019-08-04 00:00:13,228542,112.41.16.217
2019-08-04 00:00:13,229674,110.157.214.92
2019-08-04 00:00:13,231569,183.64.173.158
2019-08-04 00:00:13,231675,59.50.231.18
2019-08-04 00:00:14,111038,223.111.160.25
2019-08-04 00:00:14,219767,117.176.93.69
2019-08-04 00:00:14,222317,223.255.127.105
2019-08-04 00:00:14,222815,117.136.87.53
2019-08-04 00:00:14,224457,222.240.151.178
2019-08-04 00:00:14,224618,42.92.118.185
2019-08-04 00:00:14,225088,114.87.184.54
2019-08-04 00:00:14,226497,58.42.242.59
2019-08-04 00:00:14,227306,0.0.0.0
2019-08-04 00:00:14,227501,114.230.8.103
2019-08-04 00:00:14,229653,120.236.26.26
2019-08-04 00:00:14,230435,61.181.24.174
2019-08-04 00:00:14,230667,113.127.220.173
2019-08-04 00:00:14,230973,202.103.12.37
2019-08-04 00:00:14,231453,59.63.204.107
2019-08-04 00:00:14,231868,14.111.55.110
2019-08-04 00:00:14,232064,119.98.131.183
2019-08-04 00:00:15,104077,49.74.79.222
2019-08-04 00:00:15,208237,150.138.181.201
2019-08-04 00:00:15,215178,121.230.140.209
2019-08-04 00:00:15,218978,60.190.245.24
2019-08-04 00:00:15,219602,183.197.10.134
2019-08-04 00:00:15,219620,110.17.69.27
2019-08-04 00:00:15,219767,117.176.93.69
2019-08-04 00:00:15,219812,119.131.142.148
2019-08-04 00:00:15,221535,120.204.211.230
2019-08-04 00:00:15,223343,222.80.46.231
2019-08-04 00:00:15,223832,116.236.209.218
2019-08-04 00:00:15,224411,223.74.12.222
2019-08-04 00:00:15,225176,117.8.100.27
2019-08-04 00:00:15,225241,114.228.43.248
2019-08-04 00:00:15,225409,1.80.222.101
2019-08-04 00:00:15,227025,140.250.245.185
2019-08-04 00:00:15,227349,101.88.4.42
2019-08-04 00:00:15,230657,110.188.81.139
2019-08-04 00:00:15,231411,117.34.141.100
2019-08-04 00:00:15,231545,14.152.103.250
2019-08-04 00:00:15,232011,219.138.72.7
2019-08-04 00:00:16,103313,218.70.254.158
2019-08-04 00:00:16,223295,220.200.25.74
2019-08-04 00:00:16,224785,112.81.39.224
2019-08-04 00:00:16,225022,120.239.9.179
2019-08-04 00:00:16,225622,120.84.10.34
2019-08-04 00:00:16,226173,27.219.103.170
2019-08-04 00:00:16,229653,120.236.26.26
2019-08-04 00:00:16,230825,171.43.191.14
2019-08-04 00:00:17,214092,114.95.142.71
2019-08-04 00:00:17,214447,0.0.0.0
2019-08-04 00:00:17,217404,120.229.32.193
2019-08-04 00:00:17,219602,183.197.10.134
2019-08-04 00:00:17,221446,120.43.24.83
2019-08-04 00:00:17,222534,112.96.193.165
2019-08-04 00:00:17,223199,223.72.95.60
2019-08-04 00:00:17,223619,218.240.158.13
2019-08-04 00:00:17,224616,139.208.108.7
2019-08-04 00:00:17,225233,220.170.50.12
2019-08-04 00:00:17,226468,182.119.138.137
2019-08-04 00:00:17,226966,14.213.217.234
2019-08-04 00:00:17,230973,202.103.12.37
2019-08-04 00:00:18,103313,218.70.254.158
2019-08-04 00:00:18,108566,101.80.48.215
2019-08-04 00:00:18,109352,123.235.123.192
2019-08-04 00:00:18,201854,222.247.113.97
2019-08-04 00:00:18,204264,223.87.230.89
2019-08-04 00:00:18,207884,111.122.211.56
2019-08-04 00:00:18,217248,113.107.33.204
2019-08-04 00:00:18,220487,112.12.142.24
2019-08-04 00:00:18,222069,39.128.14.153
2019-08-04 00:00:18,222926,117.147.12.65
2019-08-04 00:00:18,223936,39.68.202.196
2019-08-04 00:00:18,224618,42.92.118.185
2019-08-04 00:00:18,225510,118.117.1.192
2019-08-04 00:00:18,229653,120.236.26.26
2019-08-04 00:00:18,230230,59.52.114.56
2019-08-04 00:00:18,230494,220.161.123.74
2019-08-04 00:00:18,231041,39.189.247.129
2019-08-04 00:00:18,231382,183.2.198.61
2019-08-04 00:00:19,103156,36.5.190.0
2019-08-04 00:00:19,108394,39.172.210.52
2019-08-04 00:00:19,200291,221.2.5.3
2019-08-04 00:00:19,208511,113.26.214.107
2019-08-04 00:00:19,221425,222.221.55.161
2019-08-04 00:00:19,222141,221.195.74.179
2019-08-04 00:00:19,223772,183.31.29.186
2019-08-04 00:00:19,226079,120.242.159.111
2019-08-04 00:00:19,226511,112.231.247.37
2019-08-04 00:00:19,228144,112.96.69.4
2019-08-04 00:00:19,230268,118.73.16.71
2019-08-04 00:00:19,230302,0.0.0.0
2019-08-04 00:00:19,230973,202.103.12.37
2019-08-04 00:00:19,232055,119.98.71.41
2019-08-04 00:00:20,200291,221.2.5.3
2019-08-04 00:00:20,201704,221.219.182.65
2019-08-04 00:00:20,219602,183.197.10.134
2019-08-04 00:00:20,221998,114.229.240.98
2019-08-04 00:00:20,222483,114.249.65.160
2019-08-04 00:00:20,224435,60.165.209.8
2019-08-04 00:00:20,225227,183.199.182.250
2019-08-04 00:00:20,225852,42.234.27.179
2019-08-04 00:00:20,226393,112.49.83.56
2019-08-04 00:00:20,231382,183.2.198.61
2019-08-04 00:00:20,231577,222.86.95.175
2019-08-04 00:00:20,231747,49.74.85.201
2019-08-04 00:00:21,103313,218.70.254.158
2019-08-04 00:00:21,213390,222.87.166.91
2019-08-04 00:00:21,218963,42.88.55.60
2019-08-04 00:00:21,219416,116.1.227.4
2019-08-04 00:00:21,219785,111.194.49.182
2019-08-04 00:00:21,220843,58.215.13.2
2019-08-04 00:00:21,221541,219.146.250.122
2019-08-04 00:00:21,221846,111.44.238.85
2019-08-04 00:00:21,222892,180.159.76.245
2019-08-04 00:00:21,224745,120.69.33.246
2019-08-04 00:00:21,224984,0.0.0.0
2019-08-04 00:00:21,225125,180.154.103.50
2019-08-04 00:00:21,226511,112.231.247.37
2019-08-04 00:00:21,229554,119.181.139.250
2019-08-04 00:00:21,229653,120.236.26.26
2019-08-04 00:00:21,230268,118.73.16.71
2019-08-04 00:00:21,230287,27.13.43.172
2019-08-04 00:00:21,230302,180.171.71.201
2019-08-04 00:00:21,230973,202.103.12.37
2019-08-04 00:00:21,231669,223.90.161.58
2019-08-04 00:00:21,231994,220.197.185.131
2019-08-04 00:00:21,232022,124.160.108.170
2019-08-04 00:00:22,104543,175.7.84.11
2019-08-04 00:00:22,213980,223.215.83.119
2019-08-04 00:00:22,219602,183.197.10.134
2019-08-04 00:00:22,220423,124.88.108.12
2019-08-04 00:00:22,220819,60.17.232.189
2019-08-04 00:00:22,220892,0.0.0.0
2019-08-04 00:00:22,220912,183.172.130.119
2019-08-04 00:00:22,222002,113.68.111.18
2019-08-04 00:00:22,222043,202.109.254.84
2019-08-04 00:00:22,223953,106.85.223.198
2019-08-04 00:00:22,225118,117.136.79.83
2019-08-04 00:00:22,225446,111.182.82.13
2019-08-04 00:00:22,226560,27.17.237.99
2019-08-04 00:00:22,229987,183.6.94.13
2019-08-04 00:00:22,230727,113.119.135.161
2019-08-04 00:00:22,230859,139.215.2.218
2019-08-04 00:00:22,231699,119.125.117.207
2019-08-04 00:00:22,231859,111.44.171.70
2019-08-04 00:00:22,231948,60.182.53.177
2019-08-04 00:00:22,232057,113.5.8.156
2019-08-04 00:00:23,101673,113.247.57.36
2019-08-04 00:00:23,103313,218.70.254.158
2019-08-04 00:00:23,219253,123.185.100.205
2019-08-04 00:00:23,219361,171.122.79.165
2019-08-04 00:00:23,219905,115.205.105.146
2019-08-04 00:00:23,220567,121.238.202.171
2019-08-04 00:00:23,220689,221.218.125.88
2019-08-04 00:00:23,222038,115.171.207.240
2019-08-04 00:00:23,222754,125.64.61.74
2019-08-04 00:00:23,222786,124.116.213.98
2019-08-04 00:00:23,224657,39.155.192.231
2019-08-04 00:00:23,226234,120.239.74.20
2019-08-04 00:00:23,227392,118.122.91.59
2019-08-04 00:00:23,229653,120.236.26.26
2019-08-04 00:00:23,229668,49.72.186.101
2019-08-04 00:00:23,231274,60.222.113.211
2019-08-04 00:00:23,231356,180.152.97.41
2019-08-04 00:00:23,231715,59.83.201.47
2019-08-04 00:00:24,220177,182.244.111.116
2019-08-04 00:00:24,221810,111.15.101.135
2019-08-04 00:00:24,222041,116.21.31.82
2019-08-04 00:00:24,223433,183.227.210.48
2019-08-04 00:00:24,226046,116.19.125.167
2019-08-04 00:00:24,226356,182.138.183.25
2019-08-04 00:00:24,227595,113.70.133.121
2019-08-04 00:00:24,229572,219.139.131.108
2019-08-04 00:00:24,230852,183.2.198.221
2019-08-04 00:00:24,230886,121.24.83.183
2019-08-04 00:00:24,230973,202.103.12.37
2019-08-04 00:00:25,105943,123.54.132.14
2019-08-04 00:00:25,211219,180.139.209.182
2019-08-04 00:00:25,219167,182.200.171.156
2019-08-04 00:00:25,219308,123.233.175.173
2019-08-04 00:00:25,219602,183.197.10.134
2019-08-04 00:00:25,221289,27.12.199.217
2019-08-04 00:00:25,221425,0.0.0.0
2019-08-04 00:00:25,221896,125.116.118.13
2019-08-04 00:00:25,222041,116.21.31.82
2019-08-04 00:00:25,223085,49.118.89.176
2019-08-04 00:00:25,223946,117.90.176.190
2019-08-04 00:00:25,224154,0.0.0.0
2019-08-04 00:00:25,224657,39.155.192.231
2019-08-04 00:00:25,224922,114.230.55.44
2019-08-04 00:00:25,227283,112.96.118.37
2019-08-04 00:00:25,227376,116.21.145.126
2019-08-04 00:00:25,227506,117.149.20.205
2019-08-04 00:00:25,229649,123.13.200.92
2019-08-04 00:00:25,230361,58.18.99.102
2019-08-04 00:00:25,230446,223.73.139.32
2019-08-04 00:00:25,231041,171.105.245.90
2019-08-04 00:00:25,231095,171.82.161.26
2019-08-04 00:00:26,103313,218.70.254.158
2019-08-04 00:00:26,104292,123.131.74.6
2019-08-04 00:00:26,222014,183.193.137.178
2019-08-04 00:00:26,223815,61.49.166.211
2019-08-04 00:00:26,224696,180.111.77.54
2019-08-04 00:00:26,225104,220.172.51.49
2019-08-04 00:00:26,225645,112.41.240.72
2019-08-04 00:00:26,225673,112.96.167.195
2019-08-04 00:00:26,226004,49.87.191.136
2019-08-04 00:00:26,226451,171.125.133.113
2019-08-04 00:00:26,227089,222.214.28.217
2019-08-04 00:00:26,227378,120.239.178.220
2019-08-04 00:00:26,229653,120.236.26.26
2019-08-04 00:00:26,230315,123.118.75.230
2019-08-04 00:00:26,230368,124.165.76.188
2019-08-04 00:00:26,230973,202.103.12.37
2019-08-04 00:00:27,103094,223.72.61.230
2019-08-04 00:00:27,209690,1.202.241.99
2019-08-04 00:00:27,211629,114.252.110.33
2019-08-04 00:00:27,214447,121.58.97.161
2019-08-04 00:00:27,219602,183.197.10.134
2019-08-04 00:00:27,219743,120.229.114.110
2019-08-04 00:00:27,220182,114.238.182.246
2019-08-04 00:00:27,220235,111.29.117.24
2019-08-04 00:00:27,222494,61.134.36.200
2019-08-04 00:00:27,222744,182.116.60.25
2019-08-04 00:00:27,222905,218.62.65.206
2019-08-04 00:00:27,223191,218.3.142.217
2019-08-04 00:00:27,224633,14.204.68.54
2019-08-04 00:00:27,225548,171.93.79.84
2019-08-04 00:00:27,225967,43.243.148.215
2019-08-04 00:00:27,226590,36.104.49.6
2019-08-04 00:00:27,227759,223.73.216.197
2019-08-04 00:00:27,228121,116.25.42.21
2019-08-04 00:00:27,230758,116.30.214.15
2019-08-04 00:00:27,232064,120.239.158.5
2019-08-04 00:00:28,100124,58.218.11.54
2019-08-04 00:00:28,102682,115.206.247.180
2019-08-04 00:00:28,103210,117.188.22.158
2019-08-04 00:00:28,103313,218.70.254.158
2019-08-04 00:00:28,202298,182.108.140.13
2019-08-04 00:00:28,211465,222.218.157.6
2019-08-04 00:00:28,211629,114.252.110.33
2019-08-04 00:00:28,220973,0.0.0.0
2019-08-04 00:00:28,221303,101.24.23.154
